{
  "0": {
    "Recency_mean": 43.95277140045917,
    "Recency_median": 33.0,
    "Recency_min": 1.0,
    "Recency_max": 163.0,
    "Frequency_mean": 3.650049196457855,
    "Frequency_median": 3.0,
    "Frequency_min": 1.0,
    "Frequency_max": 14.0,
    "Monetary_mean": 1339.066658904559,
    "Monetary_median": 825.4200000000001,
    "Monetary_min": 6.2,
    "Monetary_max": 13375.87,
    "segment_name": "Segment 0"
  },
  "1": {
    "Recency_mean": 248.56403013182674,
    "Recency_median": 243.0,
    "Recency_min": 144.0,
    "Recency_max": 374.0,
    "Frequency_mean": 1.551789077212806,
    "Frequency_median": 1.0,
    "Frequency_min": 1.0,
    "Frequency_max": 12.0,
    "Monetary_mean": 478.10758097928436,
    "Monetary_median": 309.925,
    "Monetary_min": 3.75,
    "Monetary_max": 9864.26,
    "segment_name": "Segment 1"
  },
  "2": {
    "Recency_mean": 15.671361502347418,
    "Recency_median": 6.0,
    "Recency_min": 1.0,
    "Recency_max": 372.0,
    "Frequency_mean": 21.28638497652582,
    "Frequency_median": 18.0,
    "Frequency_min": 1.0,
    "Frequency_max": 62.0,
    "Monetary_mean": 12831.742488262911,
    "Monetary_median": 7857.1,
    "Monetary_min": 1296.44,
    "Monetary_max": 91062.38,
    "segment_name": "Segment 2"
  },
  "3": {
    "Recency_mean": 6.5,
    "Recency_median": 1.5,
    "Recency_min": 1.0,
    "Recency_max": 39.0,
    "Frequency_mean": 120.5,
    "Frequency_median": 95.0,
    "Frequency_min": 63.0,
    "Frequency_max": 209.0,
    "Monetary_mean": 55312.68625,
    "Monetary_median": 49908.7,
    "Monetary_min": 11189.91,
    "Monetary_max": 143825.06,
    "segment_name": "Segment 3"
  },
  "4": {
    "Recency_mean": 7.666666666666667,
    "Recency_median": 5.0,
    "Recency_min": 1.0,
    "Recency_max": 24.0,
    "Frequency_mean": 42.833333333333336,
    "Frequency_median": 50.5,
    "Frequency_min": 2.0,
    "Frequency_max": 73.0,
    "Monetary_mean": 190863.46166666667,
    "Monetary_median": 181511.645,
    "Monetary_min": 117379.63,
    "Monetary_max": 280206.02,
    "segment_name": "Segment 4"
  }
}